{
  "id": "",
  "name": "",
  "font_family": "iconfont",
  "css_prefix_text": "icon-",
  "description": "",
  "glyphs": [
    {
      "icon_id": "629357",
      "name": "搜索",
      "font_class": "sousuo",
      "unicode": "e651",
      "unicode_decimal": 58961
    },
    {
      "icon_id": "1173158",
      "name": "车巴巴-进入",
      "font_class": "linecar101",
      "unicode": "e666",
      "unicode_decimal": 58982
    },
    {
      "icon_id": "1870132",
      "name": "用户",
      "font_class": "yonghu",
      "unicode": "e632",
      "unicode_decimal": 58930
    },
    {
      "icon_id": "13332675",
      "name": "购物车",
      "font_class": "gouwuche",
      "unicode": "e609",
      "unicode_decimal": 58889
    },
    {
      "icon_id": "13980882",
      "name": "DJI大疆",
      "font_class": "efcdfdfeafeadc",
      "unicode": "e602",
      "unicode_decimal": 58882
    },
    {
      "icon_id": "15838561",
      "name": "arrow-left-bold",
      "font_class": "arrow-left-bold",
      "unicode": "e685",
      "unicode_decimal": 59013
    },
    {
      "icon_id": "15838566",
      "name": "arrow-right-bold",
      "font_class": "arrow-right-bold",
      "unicode": "e687",
      "unicode_decimal": 59015
    }
  ]
}
